PHRASE;SUGGESTION
when are the olympics happening;when are the olympics happening 2021, when are the 2020 olympics happening, when are the tokyo olympics happening, will the 2020 olympics be held
when are the olympics held;when are the olympics held in usa, when are the summer olympics held, when are the next olympics being held, when are the winter olympics held, when are the 2021 olympics being held, when are the special olympics held, when are the 2020 olympics going to be held, when are the junior olympics held, when are the olympics normally held
when is the summer olympics this year;where will the summer 2020 olympics be held
when will olympics be held;when will olympics be held in india, when will olympics be held in 2021, when will olympics be held in us, when will the 2020 olympics be held, when will the next olympics be held, when will the summer olympics be held, when will the olympics be held in australia, when will the 2024 olympics be held, when will the 2020 summer olympics be held
when will the olympics be held;when will the olympics be held in australia, when will the olympics be held in india, when will the olympics be held in 2021, when will the olympics be held in tokyo, when will the olympics be held in the us, when will the olympics be held in los angeles, when will the olympics be held in china, when will the olympics be held this year, when will the olympics be held in the united states
where 2020 olympics will be held;where will the summer olympics be held in 2020, where will the 2020 winter olympics be held, where will the next olympics games be held in 2020, where will the 2020 and 2024 olympics be held, where will the 2020 special olympics be held, where will the summer olympics be held in the year 2020, where will the next summer olympics be held 2020
where are next olympics going to be held;where are the next winter olympics going to be held, where are the next summer olympics going to be held, where will all the next olympics be held, where are the next olympics to be held
where are the 2020 olympics being held;where are the 2020 olympics being held this year, where are the 2020 summer olympics being held, where are the 2020 winter olympics being held, where are the next olympics being held in 2020, where are the 2020 olympics and paralympics being held, where are the 2020 postponed to 2021 olympics being held, where were the 2020 olympics supposed to be held
where are the 2020 olympics going to be held;where are the 2020 olympics going to be held this upcoming summer (country and city), where are the 2020 olympics going to be held this upcoming summer, where are the 2020 winter olympics going to be held, where are the 2020 summer olympics going to be held, where were the 2020 olympics supposed to be held
where are the next olympics 2020;where are the next winter olympics 2020, where are the next olympics being held in 2020
where are the next olympics taking place;when and where are the next summer olympics taking place, when and where are the next winter olympics taking place, where are the next olympics going to take place, where are the next olympics
where are the olympic games held this year;where are the olympics held this year, where have all the olympics been held
where are the olympics being held;where are the olympics being held this year, where are the olympics being held in 2021, where are the olympics being held this summer, where are the olympics being held in 2024, where are the olympics being held this year 2021, where are the olympics being held in 2020, where are the olympics being held right now, where are the olympics being held next, where are the olympics being held next year
where are the olympics this year;where are the olympics this year 2021, where are the olympics this year 2020, where are the summer olympics this year, where are the olympics being held this year, where are the winter olympics this year, where are the winter olympics being held this year, where are the olympics taking place this year, where are the special olympics being held this year, where are the olympics trials this year
when are the olympics happening 2021;will the 2021 olympics be held, will olympics happen in 2021, will there be olympics in 2021, will the olympics take place in 2021
when are the 2020 olympics happening;will the 2020 olympics be held, is the 2020 olympics still going to happen
when are the tokyo olympics happening;where in tokyo will the 2020 olympics be held, will tokyo still host 2020 olympics, will the tokyo olympics be held, where in japan will the 2020 olympics be held
will the 2020 olympics be held;will the 2020 olympics be held in 2021, where in japan will the 2020 olympics be held, in which city will the 2020 olympics be held, the olympics to be held in 2020 was postponed to 2021 and will be held in which country, where will the summer olympics be held in 2020, where will the 2020 winter olympics be held, the 2020 summer olympics will be held in which city, where will the 2020 and 2024 olympics be held, where will the 2020 special olympics be held
when are the olympics held in usa;how many times olympics held in usa, what month is the olympics held in, has the us ever held the olympics, when was the last olympics held in the united states, when was the last olympics held in the us
when are the summer olympics held;when are the next summer olympics being held, where and when are the summer olympics being held this year in 2021, when are the summer olympics going to be held, when are the next summer olympics going to be held, when are the summer olympics usually held, where will the summer 2020 olympics be held, what months are the summer olympics held, will the summer olympics be held
when are the next olympics being held;when are the next summer olympics being held, when are the next winter olympics being held, where will the next olympics be held
when are the winter olympics held;when are the next winter olympics being held, when and where are the next winter olympics going to be held, what month are the winter olympics held, what time of year are the olympics held, what year will the next winter olympics be held, where will the winter olympics be held
when are the 2021 olympics being held;where and when are the summer olympics being held this year in 2021, will the 2021 olympics be held, where will the 2020 and 2024 olympics be held
when are the special olympics held;how often is the special olympics held
when are the 2020 olympics going to be held;will the 2020 olympics be held
when are the junior olympics held;where will the junior olympics be held, how often are the junior olympics held, what is the junior olympics
when are the olympics normally held;will the olympics be held, will the 2020 olympics be held, are the 2020 olympics being held, what time of year are the olympics held
where will the summer 2020 olympics be held;where will the summer olympics be held in the year 2020, where will the next summer olympics be held 2020, where will 2020 olympics be held
when will olympics be held in india;will olympics ever be held in india
when will olympics be held in 2021;will there be olympics in 2021, will olympics happen in 2021
when will olympics be held in us;when will the olympics be held in the us again, will the 2020 olympics be held
when will the 2020 olympics be held;when will the 2020 summer olympics be held, when will the 2020 winter olympics be held, are the 2020 olympics being held
when will the next olympics be held;when will the next olympics be held in australia, when will the next olympics be held in the united states, when will the next olympics be held in canada, when will the next olympics be held after 2021, when will the next winter olympics be held, when will the next summer olympics be held, when will the next olympics games be held, will the 2020 olympics be held, will the 2021 olympics be held
when will the summer olympics be held;when will the summer olympics be held in the united states, when will the summer olympics be held in us, when will the 2020 summer olympics be held, when will the next summer olympics be held
when will the olympics be held in australia;when will the next olympics be held in australia, will the olympics be held, will the 2020 olympics be held, has australia held the olympics
when will the 2024 olympics be held;where will the 2020 and 2024 olympics be held, where is the 2024 olympics going to be held
when will the 2020 summer olympics be held;will the 2020 olympics be held, are the 2020 summer olympics going to be held
when will the 2020 winter olympics be held;what year will the next winter olympics be held, will the 2020 olympics be held
are the 2020 olympics being held;where are the 2020 olympics being held this year, are the 2020 olympics still being held, where are the 2020 winter olympics being held, where are the next olympics being held in 2020, where are the 2020 olympics and paralympics being held, where are the 2020 postponed to 2021 olympics being held, will the 2020 olympics be held
will the 2020 summer olympics be held;in which country will the 2020 summer olympics be held, the 2020 summer olympics will be held in which city, where will the summer olympics be held in the year 2020, where will the next summer olympics be held 2020, the 2020 summer olympics will be held in what major city, are the 2020 summer olympics going to be held, will the 2020 olympics be held
when will the olympics be held in india;will the olympics be held
when will the olympics be held in 2021;will olympics happen in 2021, will the olympics take place in 2021
when will the olympics be held in tokyo;where in tokyo will the 2020 olympics be held
when will the olympics be held in the us;when will the olympics be held in the us again, will the 2020 olympics be held, has the us ever held the olympics
when will the olympics be held in los angeles;where will la olympics be held, are the olympics coming to los angeles, where will los angeles olympics be
when will the olympics be held in china;has china ever held the olympic games, how many times has the olympics been held in china, will the olympics be held
when will the olympics be held this year;will the olympics be held
when will the olympics be held in the united states;when will the summer olympics be held in the united states, when will the next olympics be held in the united states, will the olympics be held, will the 2020 olympics be held, has the us ever held the olympics
when will the summer olympics be held in the united states;where will the summer olympics be held in 2020, will the summer olympics be held, where will the summer olympics be held in 2024
when will the next summer olympics be held;will the 2020 summer olympics be held, will the 2020 olympics be held
where will the summer olympics be held in 2020;where will the summer olympics be held in the year 2020
where will the 2020 winter olympics be held;where are the 2020 winter olympics going to be held
where will the next olympics games be held in 2020;where will the next olympic games be held in 2020
where will the 2020 and 2024 olympics be held;where will the 2024 olympics be held, where are the 2024 olympics going to be held
where will the 2020 special olympics be held;where will the next special olympics be held
where will the summer olympics be held in the year 2020;where will the summer olympics be held in 2020
where will the next summer olympics be held 2020;where will the summer olympics be held in 2020
where are the next winter olympics going to be held;where will the next winter olympics be held
where are the next summer olympics going to be held;where will all the next olympics be held, where will the summer 2020 olympics be held
where will all the next olympics be held;where are the next olympics to be held, where will all the future olympics be held
where are the next olympics to be held;where are the next olympics going to be held, where are the next winter olympics going to be held, where are the next winter olympics to be held, where will all the next olympics be held
where are the 2020 olympics being held this year;where was 2020 olympics supposed to be held this year, where are the olympics being held in 2020
where are the 2020 summer olympics being held;where were the summer olympics set to be held in 2020, where will the summer 2020 olympics be held
where are the 2020 winter olympics being held;where are the 2020 winter olympics going to be held
where are the 2020 olympics and paralympics being held;where were the 2020 olympics supposed to be held
where are the 2020 postponed to 2021 olympics being held;will the 2021 olympics be held
where were the 2020 olympics supposed to be held;where were the 2020 summer olympics supposed to be held, where were the olympics supposed to be held, where are the 2020 olympics being held
where are the 2020 winter olympics going to be held;where are the next winter olympics going to be held
where are the 2020 summer olympics going to be held;where are the 2020 olympics going to be held this upcoming summer (country and city), where are the 2020 olympics going to be held this upcoming summer, where will the summer 2020 olympics be held, where were the summer olympics set to be held in 2020
where were the summer olympics set to be held in 2020;where will summer olympics 2020 be held
when and where are the next summer olympics taking place;where were the summer olympics set to be held in 2020, where will summer olympics 2020 be held
when and where are the next winter olympics taking place;where are the next winter olympics going to be held
where are the next olympics going to take place;where will the next olympics take place, where does the next olympics take place
where are the next olympics;where are the next olympics being held, where are the next olympics 2024, where are the next olympics after tokyo, where are the next olympics 2028, where are the next olympics 2032, where are the next olympics 2021, where are the next olympics taking place, where are the next olympics winter, where are the next olympics games
where are the olympics held this year;where are the winter olympics being held this year, where and when are the summer olympics being held this year in 2021, where are the summer 2021 olympics supposed to be held this year, where are the special olympics being held this year, where are the 2020 olympics being held this year, where are the olympics supposed to be held this year, where are the olympics being held this year 2021
where have all the olympics been held;where have all the olympics been held and what year, where have all the summer olympics been held, where have all the winter olympics been held, list of where all the olympics have been held
where are the olympics being held this year;where are the olympics being held this year 2021, where are the olympics being held this year when will the olympics be taking place, where are the winter olympics being held this year, where and when are the summer olympics being held this year in 2021, where are the special olympics being held this year, where are the 2020 olympics being held this year, where are the olympics being held in 2020, where was 2020 olympics supposed to be held this year
where are the olympics being held in 2021;where and when are the summer olympics being held this year in 2021, where are the summer olympics being held in 2021, where will the olympics be held in 2021, where are the 2021 olympics
where are the olympics being held this summer;where are the summer olympics being held this year, where and when are the summer olympics being held this year in 2021, where will the summer 2020 olympics be held
where are the olympics being held in 2024;where will the olympics be held in 2024, where are the 2024 olympics going to be held
where are the olympics being held this year 2021;where and when are the summer olympics being held this year in 2021, will the 2021 olympics be held, where is the 2021 olympics being held
where are the olympics being held in 2020;where are the summer olympics being held in 2020, where are the next olympics being held in 2020, where are the winter olympics being held in 2020
where are the olympics being held next;where are the olympics being held next year, where are the next winter olympics being held, where are the next summer olympics being held, where are all the next olympics being held, where are the next few olympics being held, where are the next olympics being held in 2020, where are the next special olympics being held, where will all the next olympics be held
where are the olympics being held next year;where are the 2020 olympics being held, where are the 2022 olympics being held
where are the olympics this year 2021;where and when are the summer olympics being held this year in 2021, where are the summer 2021 olympics supposed to be held this year, where are the olympics being held this year 2021, where are the olympics 2021, will there be olympics in 2021
where are the olympics this year 2020;where are the 2020 olympics being held this year
where are the summer olympics this year;where and when are the summer olympics being held this year in 2021, where are the summer 2021 olympics supposed to be held this year, where are the summer 2020 olympics
where are the winter olympics this year;where are the winter olympics 2020
where are the winter olympics being held this year;where are the 2022 winter olympics being held, where are the 2026 winter olympics being held, where are the winter olympics being held
where are the olympics taking place this year;where are the olympics 2020, where are this year's olympics, where would the olympics be held in 2020
where are the special olympics being held this year;where are the special olympics held
where are the olympics trials this year;where are the olympic trials, where will the 2020 olympic trials be held
